location,arabic,check,lang,value,note
2:74:5,بَعْدِ,empty,ur,,
2:75:10,يَسْمَعُونَ كَلَٰمَ,merged-phrase,ur,وہ سنتا ہے,
2:75:14,مِنۢ,empty,ur,,
2:83:12,وَذِى,empty,ur,,
2:87:6,مِنۢ,empty,ur,,
2:92:8,مِنۢ,empty,ur,,
2:101:16,ٱلْكِتَٰبَ كِتَٰبَ,merged-phrase,ur,کتاب,
2:105:13,مِّنْ,empty,ur,,
2:105:23,ذُو,empty,ur,,
2:114:12,فِى,empty,ur,,
2:114:16,كَانَ,empty,ur,,
2:130:18,لَمِنَ ٱلصَّٰلِحِينَ,merged-phrase,ur,ضرور ان میں سے ہوگا جو نیک ہیں,
2:133:13,مِنۢ,empty,ur,,
2:177:23,ذَوِى,empty,ur,,
2:181:10,يُبَدِّلُونَهُۥٓ إِنَّ,merged-phrase,ur,بیشک,
2:209:3,مِّنۢ,empty,ur,,
2:212:7,مِنَ,empty,ur,,
2:213:26,مِنۢ,empty,ur,,
2:215:14,ٱلسَّبِيلِ,empty,ur,,
2:217:29,وَلَا,empty,ur,,
2:220:5,عَنِ,empty,ur,,
2:222:2,عَنِ,empty,ur,,
2:230:6,مِنۢ,empty,ur,,
2:233:37,عَن,empty,ur,,
2:253:30,مِّنۢ,empty,ur,,
2:253:32,مَا,empty,ur,,
2:253:41,مَّن,empty,ur,,
2:266:16,مِن,empty,ur,,
2:270:3,مِّن,empty,ur,,
2:270:7,مِّن,empty,ur,,
2:270:14,مِنْ,empty,ur,,
2:272:18,وَجْهِ,empty,ur,,
2:275:12,مِنَ,empty,ur,,
2:275:41,أَصْحَٰبُ,empty,ur,,
2:282:9,مُّسَمًّى,empty,ur,,
2:282:76,مَا,empty,ur,,
3:3:7,بَيْنَ,empty,ur,,
3:7:39,مِّنْ,empty,ur,,
3:26:17,مَن,empty,ur,,
3:47:21,يَقُولُ لَهُۥ,merged-phrase,ur,وہ کہتا ہے,
3:50:4,يَدَىَّ,empty,ur,,
3:61:6,مَا,empty,ur,,
3:75:19,مَا,empty,ur,,
3:81:23,عَلَىٰ,empty,ur,,
3:105:6,مِنۢ,empty,ur,,
3:152:15,مِّنۢ,empty,ur,,
3:153:9,فِىٓ,empty,ur,,
3:154:4,مِّنۢ,empty,ur,,
3:172:5,مِنۢ,empty,ur,,
4:8:4,أُو۟لُوا۟,empty,ur,,
4:36:14,ذِى,empty,ur,,
4:44:12,أَن,empty,ur,,
4:60:16,أَن,empty,ur,,
4:60:27,أَن,empty,ur,,
4:83:9,بِهِۦ,empty,ur,,
4:84:13,أَن,empty,ur,,
4:86:13,عَلَىٰ كُلِّ,merged-phrase,ur,اوپر,
4:95:7,أُو۟لِى,empty,ur,,
4:108:15,مِنَ,empty,ur,,
4:108:16,ٱلْقَوْلِ,empty,ur,,
4:108:17,وَكَانَ,empty,ur,,
4:108:18,ٱللَّهُ,empty,ur,,
4:108:19,بِمَا,empty,ur,,
4:119:15,مِّن,empty,ur,,
4:124:5,مِن,empty,ur,,
4:135:10,عَلَىٰٓ,empty,ur,,
4:137:14,يَكُنِ,empty,ur,,
4:145:4,ٱلدَّرْكِ,empty,ur,,
4:145:6,مِنَ,empty,ur,,
4:163:9,مِنۢ,empty,ur,,
5:12:9,ٱثْنَىْ,empty,ur,,
5:19:8,عَلَىٰ,empty,ur,,
5:19:16,مِنۢ,empty,ur,,
5:24:7,مَّا,empty,ur,,
5:39:3,مِنۢ,empty,ur,,
5:41:29,مِنۢ,empty,ur,,
5:43:10,مِنۢ,empty,ur,,
5:46:9,بَيْنَ,empty,ur,,
5:46:20,بَيْنَ,empty,ur,,
5:48:7,بَيْنَ,empty,ur,,
5:76:3,مِن,empty,ur,,
5:93:11,مَا,empty,ur,,
5:96:13,مَا,empty,ur,,
5:103:18,ٱلْكَذِبَ,empty,ur,,
5:106:18,مِنْ,empty,ur,,
5:106:29,مِنۢ,empty,ur,,
5:106:42,ذَا,empty,ur,,
5:110:32,ٱلطَّيْرِ,empty,ur,,
5:112:7,هَلْ,empty,ur,,
5:116:13,مِن,empty,ur,,
5:116:16,قَالَ,empty,ur,,
5:116:19,يَكُونُ,empty,ur,,
5:117:16,مَّا,empty,ur,,
6:6:28,مِنۢ,empty,ur,,
6:7:5,فِى,empty,ur,,
6:15:9,عَظِيمٍ,empty,ur,,
6:71:3,مِن,empty,ur,,
6:71:17,ٱللَّهُ,empty,ur,,
6:133:9,مِنۢ,empty,ur,,
6:148:13,مِن,empty,ur,,
6:148:26,مِّنْ,empty,ur,,
6:152:26,ذَا,empty,ur,,
7:57:6,بَيْنَ,empty,ur,,
7:84:6,كَيْفَ كَانَ,merged-phrase,ur,کس طرح,
7:100:6,مِنۢ,empty,ur,,
7:103:3,مِنۢ,empty,ur,,
7:141:14,ذَٰلِكُم,empty,ur,,
7:145:5,مِن,empty,ur,,
7:152:10,فِى,empty,ur,,
7:157:12,ٱلتَّوْرَىٰةِ وَٱلْإِنجِيلِ,merged-phrase,ur,تورات,
7:169:2,مِنۢ,empty,ur,,
7:172:25,هَٰذَا,empty,ur,,
7:173:10,مِّنۢ,empty,ur,,
7:197:3,مِن,empty,ur,,
9:12:4,مِّنۢ,empty,ur,,
9:27:4,مِنۢ,empty,ur,,
9:36:6,ٱثْنَا,empty,ur,,
9:92:5,إِذَا مَآ,merged-phrase,ur,جب,
9:108:9,مِنْ,empty,ur,,
9:108:16,فِيهِ فِيهِ,merged-phrase,ur,اس میں,
9:110:1,لَا,empty,ur,,
9:113:12,قُرْبَىٰ,empty,ur,,
9:120:17,عَن,empty,ur,,
9:124:2,مَآ,empty,ur,,
9:126:5,فِى,empty,ur,,
9:127:2,مَآ,empty,ur,,
10:3:21,مِنۢ,empty,ur,,
10:7:13,عَنْ,empty,ur,,
10:13:5,مِن قَبْلِكُمْ,merged-phrase,ur,تم سے پہلے,
10:15:19,يَكُونُ,empty,ur,,
10:21:5,مِّنۢ,empty,ur,,
10:22:37,مِنْ,empty,ur,,
10:37:7,مِن,empty,ur,,
10:38:11,مِّن,empty,ur,,
10:39:13,مِن,empty,ur,,
10:47:12,يُظْلَمُونَ,empty,ur,,
10:51:3,مَا,empty,ur,,
10:61:25,مِن,empty,ur,,
10:66:14,مِن,empty,ur,,
10:67:12,ذَٰلِكَ,empty,ur,,
11:101:15,مِن,empty,ur,,
12:53:12,إِنَّ,empty,ur,,
12:68:13,مِن,empty,ur,,
12:77:8,لَّهُۥ مِن,merged-phrase,ur,اس کے,
12:83:11,أَن,empty,ur,,
13:4:11,وَغَيْرُ,empty,ur,,
13:23:2,عَدْنٍ,empty,ur,,
13:31:2,أَنَّ,empty,ur,,
13:31:30,وَلَا,empty,ur,,
13:31:41,مِّن,empty,ur,,
13:40:2,مَّا,empty,ur,,
14:5:17,ذَٰلِكَ,empty,ur,,
14:6:22,ذَٰلِكُم,empty,ur,,
14:9:12,مِنۢ,empty,ur,,
14:11:18,كَانَ,empty,ur,,
14:34:2,مِّن,empty,ur,,
16:86:13,مِن,empty,ur,,
17:5:10,بَأْسٍ,empty,ur,,
17:7:3,أَحْسَنتُمْ أَحْسَنتُمْ,merged-phrase,ur,بھلائی کرو گے تم,
17:20:9,كَانَ,empty,ur,,
17:26:2,ذَا,empty,ur,,
17:26:7,وَٱبْنَ ٱلسَّبِيلِ,merged-phrase,ur,اور مسافر کو,
17:36:13,أُو۟لَٰٓئِكَ,empty,ur,,
17:38:2,ذَٰلِكَ,empty,ur,,
17:42:5,ءَالِهَةٌ,empty,ur,,
17:48:9,سَبِيلًا,empty,ur,,
17:62:15,إِلَّا قَلِيلًا,merged-phrase,ur,مگر/ سوائے تھوڑوں کے,
17:93:5,مِّن,empty,ur,,
17:110:8,أَيًّا مَّا,merged-phrase,ur,جس کو بھی/ جس کسے ساتھ بھی,
18:17:8,ذَاتَ,empty,ur,,
18:17:13,ذَاتَ,empty,ur,,
18:17:16,فِى,empty,ur,,
18:18:6,ذَاتَ,empty,ur,,
18:18:8,وَذَاتَ,empty,ur,,
18:26:11,بِهِۦ,empty,ur,,
18:28:24,عَن,empty,ur,,
18:43:6,مِن,empty,ur,,
18:48:10,أَوَّلَ مَرَّةٍۭ,merged-phrase,ur,پہلی بار/ پہلی مرتبہ,
18:50:13,عَنْ,empty,ur,,
18:50:19,مِن,empty,ur,,
18:51:1,مَّآ,empty,ur,,
18:54:7,مِن,empty,ur,,
18:58:3,ذُو,empty,ur,,
18:58:17,مِن,empty,ur,,
18:65:10,مِن,empty,ur,,
18:102:7,مِن,empty,ur,,
19:31:4,أَيْنَ مَا,merged-phrase,ur,جہاں کہیں,
19:64:8,بَيْنَ,empty,ur,,
20:37:5,مَرَّةً أُخْرَىٰٓ,merged-phrase,ur,دوسری بار,
21:15:2,فَمَا زَالَت,merged-phrase,ur,تو مسلسل رہی,
21:24:3,مِن,empty,ur,,
21:28:4,بَيْنَ أَيْدِيهِمْ,merged-phrase,ur,ان کے آگے ہے,
21:42:6,مِنَ,empty,ur,,
21:43:5,مِّن,empty,ur,,
21:66:3,مِن,empty,ur,,
21:67:5,مِن,empty,ur,,
21:98:4,مِن,empty,ur,,
21:106:3,هَٰذَا,empty,ur,,
22:2:10,ذَاتِ,empty,ur,,
22:5:52,مِنۢ,empty,ur,,
22:5:66,مِن,empty,ur,,
22:12:2,مِن,empty,ur,,
22:14:10,مِن,empty,ur,,
22:21:3,مِنْ,empty,ur,,
22:55:1,وَلَا,empty,ur,,
22:62:9,مِن,empty,ur,,
23:36:2,هَيْهَاتَ هَيْهَاتَ,merged-phrase,ur,بہت دور ہے۔ ناممکن ہے,
23:44:6,كُلَّ مَا,merged-phrase,ur,جب کبھی,
25:48:7,يَدَىْ,empty,ur,,
25:55:2,مِن,empty,ur,,
26:7:8,مِن,empty,ur,,
26:93:1,مِن,empty,ur,,
26:103:3,ذَٰلِكَ,empty,ur,,
26:130:3,بَطَشْتُم بَطَشْتُمْ,merged-phrase,en,you seize,
26:174:3,ذَٰلِكَ,empty,ur,,
27:16:11,مِن,empty,ur,,
27:23:6,مِن,empty,ur,,
27:23:11,عَظِيمٌ,empty,ur,,
27:24:5,مِن,empty,ur,,
27:40:21,مِن,empty,ur,,
27:43:5,مِن,empty,ur,,
27:52:8,ذَٰلِكَ,empty,ur,,
27:55:5,مِّن,empty,ur,,
27:63:12,بَيْنَ يَدَىْ,merged-phrase,ur,آگے,
29:56:8,فَٱعْبُدُونِ,empty,ur,,
29:63:11,مِنۢ,empty,ur,,
30:22:11,ذَٰلِكَ,empty,ur,,
30:38:3,ذَا ٱلْقُرْبَىٰ,merged-phrase,ur,قرابت دار کو,
30:44:3,كَفَرَ فَعَلَيْهِ,merged-phrase,ur,کفر کیا,
30:47:3,مِن,empty,ur,,
30:54:14,مِنۢ,empty,ur,,
31:11:8,مِن,empty,ur,,
31:30:9,مِن,empty,ur,,
32:3:15,مِّن,empty,ur,,
32:8:6,مِّن,empty,ur,,
32:9:5,مِن,empty,ur,,
32:26:6,مِن,empty,ur,,
34:12:15,بَيْنَ,empty,ur,,
35:23:4,نَذِيرٌ,empty,ur,,
36:28:5,مِنۢ,empty,ur,,
36:45:6,بَيْنَ,empty,ur,,
36:74:2,مِن,empty,ur,,
37:23:1,مِن,empty,ur,,
37:126:5,ءَابَآئِكُمُ ٱلْأَوَّلِينَ,merged-phrase,ur,تمہارے  پہلوں کا,
38:3:7,فَنَادَوا۟,empty,ur,,
38:3:8,وَّلَاتَ,empty,ur,,
38:3:9,حِينَ,empty,ur,,
38:3:10,مَنَاصٍ,empty,ur,,
38:11:2,مَّا,empty,ur,,
38:24:22,مَّا,empty,ur,,
38:35:11,مِّنۢ,empty,ur,,
38:43:10,لِأُو۟لِى ٱلْأَلْبَٰبِ,merged-phrase,ur,عقل والوں کے لئے,
38:54:6,مِن,empty,ur,,
38:61:10,فِى,empty,ur,,
38:61:11,ٱلنَّارِ,empty,ur,,
38:65:6,مِنْ,empty,ur,,
38:70:8,مُّبِينٌ,empty,ur,,
39:6:20,مِّنۢ,empty,ur,,
39:20:12,مِن,empty,ur,,
39:21:30,لَذِكْرَىٰ لِأُو۟لِى,merged-phrase,ur,نصیحت ہے  کے لئے,
39:27:7,مِن,empty,ur,,
41:14:5,بَيْنِ,empty,ur,,
41:20:3,إِذَا مَا,merged-phrase,ur,جب وہ,
41:50:5,مِنۢ,empty,ur,,
42:6:3,مِن,empty,ur,,
42:7:8,أُمَّ ٱلْقُرَىٰ,merged-phrase,ur,مکہ والوں کو,
42:9:3,مِن,empty,ur,,
42:14:4,مِنۢ,empty,ur,,
42:14:25,مِنۢ,empty,ur,,
42:16:5,مِنۢ,empty,ur,,
42:28:5,مِنۢ,empty,ur,,
42:37:7,مَا,empty,ur,,
42:46:7,مِّن,empty,ur,,
43:23:4,مِن,empty,ur,,
43:45:4,مِن,empty,ur,,
43:45:9,مِن,empty,ur,,
44:54:4,بِحُورٍ عِينٍ,merged-phrase,ur,موٹی آنکھوں والی سفید عورتوں سے,
45:10:1,مِّن,empty,ur,,
45:11:9,مِّن,empty,ur,,
45:17:8,مِنۢ,empty,ur,,
45:21:15,سَآءَ,empty,ur,,
45:23:20,مِنۢ,empty,ur,,
45:34:8,هَٰذَا,empty,ur,,
46:21:12,بَيْنِ,empty,ur,,
46:32:12,مِن,empty,ur,,
49:1:6,بَيْنَ,empty,ur,,
50:16:13,حَبْلِ,empty,ur,,
52:21:13,مِّن,empty,ur,,
52:35:3,مِنْ,empty,ur,,
53:26:13,أَن,empty,ur,,
53:58:3,مِن,empty,ur,,
54:19:6,فِى,empty,ur,,
54:48:5,عَلَىٰ,empty,ur,,
55:48:2,ذَوَاتَآ أَفْنَانٍ,merged-phrase,ur,ہری بھری ڈالیوں والے,
56:26:4,سَلَٰمًا سَلَٰمًا,merged-phrase,en,Peace,
56:26:4,سَلَٰمًا,empty,ur,,
57:4:31,مَا,empty,ur,,
58:12:8,بَيْنَ,empty,ur,,
58:13:4,بَيْنَ,empty,ur,,
59:2:21,مِّنَ,empty,ur,,
59:10:3,مِنۢ,empty,ur,,
60:4:44,مِن,empty,ur,,
65:10:5,عَذَابًا شَدِيدًا,merged-phrase,ur,عذاب,
67:20:8,مِّن,empty,ur,,
67:23:11,مَّا,empty,ur,,
69:36:4,مِنْ,empty,ur,,
71:25:9,مِّن,empty,ur,,
72:22:10,مِن,empty,ur,,
72:27:8,مِنۢ,empty,ur,,
73:20:7,مِن,empty,ur,,
83:2:4,عَلَى,empty,ur,,
83:34:4,مِنَ,empty,ur,,
88:6:5,مِن,empty,ur,,
89:15:4,مَا,empty,ur,,
89:16:3,مَا,empty,ur,,
90:16:3,ذَا,empty,ur,,
